Date,difficulty,market-price
2009-01-03T00:00:00,1,0
2009-01-07T00:00:00,0,0
2009-01-11T00:00:00,1,0
2009-01-15T00:00:00,1,0
2009-01-19T00:00:00,1,0
2009-01-23T00:00:00,1,0
2009-01-27T00:00:00,1,0
2009-01-31T00:00:00,1,0
2009-02-04T00:00:00,1,0
2009-02-08T00:00:00,1,0
2009-02-12T00:00:00,1,0
2009-02-16T00:00:00,1,0
2009-02-20T00:00:00,1,0
2009-02-24T00:00:00,1,0
2009-02-28T00:00:00,1,0
2009-03-04T00:00:00,1,0
2009-03-08T00:00:00,1,0
2009-03-12T00:00:00,1,0
2009-03-16T00:00:00,1,0
2009-03-20T00:00:00,1,0
2009-03-24T00:00:00,1,0
2009-03-28T00:00:00,1,0
2009-04-01T00:00:00,1,0
2009-04-05T00:00:00,1,0
2009-04-09T00:00:00,1,0
2009-04-13T00:00:00,1,0
2009-04-17T00:00:00,1,0
2009-04-21T00:00:00,1,0
2009-04-25T00:00:00,1,0
2009-04-29T00:00:00,1,0
2009-05-03T00:00:00,1,0
2009-05-07T00:00:00,1,0
2009-05-11T00:00:00,1,0
2009-05-15T00:00:00,1,0
2009-05-19T00:00:00,1,0
2009-05-23T00:00:00,1,0
2009-05-27T00:00:00,1,0
2009-05-31T00:00:00,1,0
2009-06-04T00:00:00,1,0
2009-06-08T00:00:00,1,0
2009-06-12T00:00:00,1,0
2009-06-16T00:00:00,1,0
2009-06-20T00:00:00,1,0
2009-06-24T00:00:00,1,0
2009-06-28T00:00:00,1,0
2009-07-02T00:00:00,1,0
2009-07-06T00:00:00,1,0
2009-07-10T00:00:00,1,0
2009-07-14T00:00:00,1,0
2009-07-18T00:00:00,1,0
2009-07-22T00:00:00,1,0
2009-07-26T00:00:00,1,0
2009-07-30T00:00:00,1,0
2009-08-03T00:00:00,1,0
2009-08-07T00:00:00,1,0
2009-08-11T00:00:00,1,0
2009-08-15T00:00:00,1,0
2009-08-19T00:00:00,1,0
2009-08-23T00:00:00,1,0
2009-08-27T00:00:00,1,0
2009-08-31T00:00:00,1,0
2009-09-04T00:00:00,1,0
2009-09-08T00:00:00,1,0
2009-09-12T00:00:00,1,0
2009-09-16T00:00:00,1,0
2009-09-20T00:00:00,1,0
2009-09-24T00:00:00,1,0
2009-09-28T00:00:00,1,0
2009-10-02T00:00:00,1,0
2009-10-06T00:00:00,1,0
2009-10-10T00:00:00,1,0
2009-10-14T00:00:00,1,0
2009-10-18T00:00:00,1,0
2009-10-22T00:00:00,1,0
2009-10-26T00:00:00,1,0
2009-10-30T00:00:00,1,0
2009-11-03T00:00:00,1,0
2009-11-07T00:00:00,1,0
2009-11-11T00:00:00,1,0
2009-11-15T00:00:00,1,0
2009-11-19T00:00:00,1,0
2009-11-23T00:00:00,1,0
2009-11-27T00:00:00,1,0
2009-12-01T00:00:00,1,0
2009-12-05T00:00:00,1,0
2009-12-09T00:00:00,1,0
2009-12-13T00:00:00,1,0
2009-12-17T00:00:00,1,0
2009-12-21T00:00:00,1,0
2009-12-25T00:00:00,1,0
2009-12-29T00:00:00,1,0
2010-01-02T00:00:00,1.18289953431284,0
2010-01-06T00:00:00,1.18289953431284,0
2010-01-10T00:00:00,1.18289953431284,0
2010-01-14T00:00:00,1.30506213159152,0
2010-01-18T00:00:00,1.30506213159152,0
2010-01-22T00:00:00,1.30506213159152,0
2010-01-26T00:00:00,1.34422497077103,0
2010-01-30T00:00:00,1.34422497077103,0
2010-02-03T00:00:00,1.34422497077103,0
2010-02-07T00:00:00,1.81864853614541,0
2010-02-11T00:00:00,1.81864853614541,0
2010-02-15T00:00:00,2.52773821507236,0
2010-02-19T00:00:00,2.52773821507236,0
2010-02-23T00:00:00,2.52773821507236,0
2010-02-27T00:00:00,3.78117925203377,0
2010-03-03T00:00:00,3.78117925203377,0
2010-03-07T00:00:00,3.78117925203377,0
2010-03-11T00:00:00,4.53108175007069,0
2010-03-15T00:00:00,4.53108175007069,0
2010-03-19T00:00:00,4.53108175007069,0
2010-03-23T00:00:00,4.56516291033707,0
2010-03-27T00:00:00,4.56516291033707,0
2010-03-31T00:00:00,4.56516291033707,0
2010-04-04T00:00:00,6.08547690600079,0
2010-04-08T00:00:00,6.08547690600079,0
2010-04-12T00:00:00,7.81979699335383,0
2010-04-16T00:00:00,7.81979699335383,0
2010-04-20T00:00:00,7.81979699335383,0
2010-04-24T00:00:00,11.4643158055141,0
2010-04-28T00:00:00,11.4643158055141,0
2010-05-02T00:00:00,11.4643158055141,0
2010-05-06T00:00:00,12.8491831478238,0
2010-05-10T00:00:00,12.8491831478238,0
2010-05-14T00:00:00,12.8491831478238,0
2010-05-18T00:00:00,12.8491831478238,0
2010-05-22T00:00:00,11.8462281497047,0
2010-05-26T00:00:00,11.8462281497047,0
2010-05-30T00:00:00,16.6190787518574,0
2010-06-03T00:00:00,16.6190787518574,0
2010-06-07T00:00:00,16.6190787518574,0
2010-06-11T00:00:00,16.6190787518574,0
2010-06-15T00:00:00,17.3814881581401,0
2010-06-19T00:00:00,17.3814881581401,0
2010-06-23T00:00:00,17.3814881581401,0
2010-06-27T00:00:00,19.4047963283822,0
2010-07-01T00:00:00,19.4047963283822,0
2010-07-05T00:00:00,19.4047963283822,0
2010-07-09T00:00:00,23.5012572229032,0
2010-07-13T00:00:00,45.3858223410126,0
2010-07-17T00:00:00,181.543289364051,0
2010-07-21T00:00:00,181.543289364051,0
2010-07-25T00:00:00,181.543289364051,0
2010-07-29T00:00:00,244.213223092375,0
2010-08-02T00:00:00,244.213223092375,0
2010-08-06T00:00:00,352.16120906801,0
2010-08-10T00:00:00,352.16120906801,0
2010-08-14T00:00:00,352.16120906801,0
2010-08-18T00:00:00,511.773534256604,0.07
2010-08-22T00:00:00,511.773534256604,0.07
2010-08-26T00:00:00,511.773534256604,0.07
2010-08-30T00:00:00,623.386959868928,0.07
2010-09-03T00:00:00,623.386959868928,0.06
2010-09-07T00:00:00,623.386959868928,0.06
2010-09-11T00:00:00,712.884864552097,0.06
2010-09-15T00:00:00,712.884864552097,0.09
2010-09-19T00:00:00,917.830741301512,0.06
2010-09-23T00:00:00,917.830741301512,0.06
2010-09-27T00:00:00,917.830741301512,0.06
2010-10-01T00:00:00,1318.67005015359,0.06
2010-10-05T00:00:00,1318.67005015359,0.06
2010-10-09T00:00:00,1318.67005015359,0.1
2010-10-13T00:00:00,1378.02816503733,0.1
2010-10-17T00:00:00,1378.02816503733,0.11
2010-10-21T00:00:00,2149.02181494673,0.1
2010-10-25T00:00:00,2149.02181494673,0.18
2010-10-29T00:00:00,2149.02181494673,0.19
2010-11-02T00:00:00,3091.7368904118,0.2
2010-11-06T00:00:00,3091.7368904118,0.25
2010-11-10T00:00:00,4536.35372327504,0.32
2010-11-14T00:00:00,4536.35372327504,0.3
2010-11-18T00:00:00,4536.35372327504,0.28
2010-11-22T00:00:00,6866.89864897274,0.29
2010-11-26T00:00:00,6866.89864897274,0.28
2010-11-30T00:00:00,8078.19525792509,0.28
2010-12-04T00:00:00,8078.19525792509,0.26
2010-12-08T00:00:00,8078.19525792509,0.23
2010-12-12T00:00:00,12251.9997603745,0.23
2010-12-16T00:00:00,12251.9997603745,0.25
2010-12-20T00:00:00,12251.9997603745,0.26
2010-12-24T00:00:00,14484.1623612254,0.25
2010-12-28T00:00:00,14484.1623612254,0.27
2011-01-01T00:00:00,14484.1623612254,0.3
2011-01-05T00:00:00,16307.420938524,0.3
2011-01-09T00:00:00,16307.420938524,0.32
2011-01-13T00:00:00,16307.420938524,0.36
2011-01-17T00:00:00,18437.6443921663,0.4
2011-01-21T00:00:00,18437.6443921663,0.38
2011-01-25T00:00:00,18437.6443921663,0.44
2011-01-29T00:00:00,22012.3813379939,0.45
2011-02-02T00:00:00,22012.3813379939,0.92
2011-02-06T00:00:00,22012.3813379939,0.92
2011-02-10T00:00:00,25997.8799288144,0.97
2011-02-14T00:00:00,25997.8799288144,1.08
2011-02-18T00:00:00,36459.8869250751,1.05
2011-02-22T00:00:00,36459.8869250751,0.88
2011-02-26T00:00:00,36459.8869250751,1
2011-03-02T00:00:00,55589.5181268687,0.97
2011-03-06T00:00:00,55589.5181268687,0.92
2011-03-10T00:00:00,76192.6193475137,0.88
2011-03-14T00:00:00,76192.6193475137,0.91
2011-03-18T00:00:00,76192.6193475137,0.87
2011-03-22T00:00:00,76192.6193475137,0.79
2011-03-26T00:00:00,68977.7846302096,0.89
2011-03-30T00:00:00,68977.7846302096,0.8
2011-04-03T00:00:00,68977.7846302096,0.8
2011-04-07T00:00:00,82345.6441129666,0.75
2011-04-11T00:00:00,82345.6441129666,0.76
2011-04-15T00:00:00,82345.6441129666,0.98
2011-04-19T00:00:00,92347.5909520943,1.2
2011-04-23T00:00:00,92347.5909520943,1.38
2011-04-27T00:00:00,92347.5909520943,1.78
2011-05-01T00:00:00,109670.133292477,4.14
2011-05-05T00:00:00,109670.133292477,3.56
2011-05-09T00:00:00,109670.133292477,3.91
2011-05-13T00:00:00,157416.401843649,6.55
2011-05-17T00:00:00,157416.401843649,8.47
2011-05-21T00:00:00,244112.487774336,6.98
2011-05-25T00:00:00,244112.487774336,7.27
2011-05-29T00:00:00,434877.045527628,8.68
2011-06-02T00:00:00,434877.045527628,9.67
2011-06-06T00:00:00,567269.530162422,19.05
2011-06-10T00:00:00,567269.530162422,32.34
2011-06-14T00:00:00,567269.530162422,23.66
2011-06-18T00:00:00,876954.493513537,18.87
2011-06-22T00:00:00,876954.493513537,15.39
2011-06-26T00:00:00,1379192.28822808,17.58
2011-06-30T00:00:00,1379192.28822808,17.35
2011-07-04T00:00:00,1379192.28822808,15.74
2011-07-08T00:00:00,1563027.99611622,16.1
2011-07-12T00:00:00,1563027.99611622,15.07
2011-07-16T00:00:00,1563027.99611622,14.25
2011-07-20T00:00:00,1690895.80305239,14.54
2011-07-24T00:00:00,1690895.80305239,13.93
2011-07-28T00:00:00,1690895.80305239,14.1
2011-08-01T00:00:00,1888786.70535305,14.58
2011-08-05T00:00:00,1888786.70535305,11.5
2011-08-09T00:00:00,1888786.70535305,9.66
2011-08-13T00:00:00,1888786.70535305,9.93
2011-08-17T00:00:00,1805700.83619367,11.36
2011-08-21T00:00:00,1805700.83619367,11.75
2011-08-25T00:00:00,1805700.83619367,11.3
2011-08-29T00:00:00,1805700.83619367,9.48
2011-09-02T00:00:00,1777774.48200146,8.46
2011-09-06T00:00:00,1777774.48200146,8.27
2011-09-10T00:00:00,1777774.48200146,6.76
2011-09-14T00:00:00,1755425.3203287,6.19
2011-09-18T00:00:00,1755425.3203287,5.02
2011-09-22T00:00:00,1755425.3203287,6.18
2011-09-26T00:00:00,1755425.3203287,5.49
2011-09-30T00:00:00,1689334.4045971,4.94
2011-10-04T00:00:00,1689334.4045971,5.06
2011-10-08T00:00:00,1689334.4045971,4.79
2011-10-12T00:00:00,1689334.4045971,4.16
2011-10-16T00:00:00,1468195.42722083,4.01
2011-10-20T00:00:00,1468195.42722083,2.59
2011-10-24T00:00:00,1468195.42722083,3.32
2011-10-28T00:00:00,1468195.42722083,3.1
2011-11-01T00:00:00,1203461.92637997,3.38
2011-11-05T00:00:00,1203461.92637997,3.22
2011-11-09T00:00:00,1203461.92637997,3.19
2011-11-13T00:00:00,1203461.92637997,3.11
2011-11-17T00:00:00,1192497.75008948,2.6
2011-11-21T00:00:00,1192497.75008948,2.45
2011-11-25T00:00:00,1192497.75008948,2.48
2011-11-29T00:00:00,1192497.75008948,2.64
2011-12-03T00:00:00,1090715.68005127,3.14
2011-12-07T00:00:00,1090715.68005127,3.06
2011-12-11T00:00:00,1090715.68005127,3.12
2011-12-15T00:00:00,1155038.33396364,3.26
2011-12-19T00:00:00,1155038.33396364,3.36
2011-12-23T00:00:00,1155038.33396364,3.98
2011-12-27T00:00:00,1159929.49722438,4.25
2011-12-31T00:00:00,1159929.49722438,4.47
2012-01-04T00:00:00,1159929.49722438,5.37
2012-01-08T00:00:00,1159929.49722438,7.06
2012-01-12T00:00:00,1250757.73927466,7.1
2012-01-16T00:00:00,1250757.73927466,7.04
2012-01-20T00:00:00,1250757.73927466,6.37
2012-01-24T00:00:00,1307728.36060407,6.47
2012-01-28T00:00:00,1307728.36060407,5.7
2012-02-01T00:00:00,1307728.36060407,5.65
2012-02-05T00:00:00,1379647.43921429,5.99
2012-02-09T00:00:00,1379647.43921429,5.84
2012-02-13T00:00:00,1379647.43921429,5.82
2012-02-17T00:00:00,1379647.43921429,4.74
2012-02-21T00:00:00,1376302.26788638,4.5
2012-02-25T00:00:00,1376302.26788638,5.17
2012-02-29T00:00:00,1376302.26788638,4.98
2012-03-04T00:00:00,1496978.59502557,4.81
2012-03-08T00:00:00,1496978.59502557,5.05
2012-03-12T00:00:00,1496978.59502557,4.98
2012-03-16T00:00:00,1498294.36281651,5.44
2012-03-20T00:00:00,1498294.36281651,5.23
2012-03-24T00:00:00,1498294.36281651,4.81
2012-03-28T00:00:00,1498294.36281651,4.77
2012-04-01T00:00:00,1626553.48132894,4.94
2012-04-05T00:00:00,1626553.48132894,4.96
2012-04-09T00:00:00,1626553.48132894,4.8
2012-04-13T00:00:00,1577913.48567673,4.97
2012-04-17T00:00:00,1577913.48567673,4.99
2012-04-21T00:00:00,1577913.48567673,5.24
2012-04-25T00:00:00,1577913.48567673,5.19
2012-04-29T00:00:00,1508589.67206029,5.09
2012-05-03T00:00:00,1508589.67206029,5.18
2012-05-07T00:00:00,1508589.67206029,5.1
2012-05-11T00:00:00,1733207.51384839,5.1
2012-05-15T00:00:00,1733207.51384839,5.05
2012-05-19T00:00:00,1733207.51384839,5.13
2012-05-23T00:00:00,1733207.51384839,5.13
2012-05-27T00:00:00,1591074.96184731,5.15
2012-05-31T00:00:00,1591074.96184731,5.18
2012-06-04T00:00:00,1591074.96184731,5.27
2012-06-08T00:00:00,1591074.96184731,5.56
2012-06-12T00:00:00,1583177.84744401,5.58
2012-06-16T00:00:00,1583177.84744401,6.27
2012-06-20T00:00:00,1726566.55919348,6.56
2012-06-24T00:00:00,1726566.55919348,6.64
2012-06-28T00:00:00,1726566.55919348,6.58
2012-07-02T00:00:00,1726566.55919348,6.71
2012-07-06T00:00:00,1751454.53534068,6.76
2012-07-10T00:00:00,1751454.53534068,6.98
2012-07-14T00:00:00,1751454.53534068,7.85
2012-07-18T00:00:00,1866391.30500321,9.47
2012-07-22T00:00:00,1866391.30500321,9.53
2012-07-26T00:00:00,1866391.30500321,8.8
2012-07-30T00:00:00,2036671.08869332,8.95
2012-08-03T00:00:00,2036671.08869332,10.12
2012-08-07T00:00:00,2036671.08869332,11.23
2012-08-11T00:00:00,2036671.08869332,11.6
2012-08-15T00:00:00,2190865.97010286,12.3
2012-08-19T00:00:00,2190865.97010286,14.48
2012-08-23T00:00:00,2190865.97010286,10.26
2012-08-27T00:00:00,2440642.60691596,10.99
2012-08-31T00:00:00,2440642.60691596,10.91
2012-09-04T00:00:00,2440642.60691596,10.52
2012-09-08T00:00:00,2694047.95295501,11.27
2012-09-12T00:00:00,2694047.95295501,11.24
2012-09-16T00:00:00,2694047.95295501,11.84
2012-09-20T00:00:00,2864140.50781097,12.63
2012-09-24T00:00:00,2864140.50781097,12.28
2012-09-28T00:00:00,2864140.50781097,12.46
2012-10-02T00:00:00,2864140.50781097,12.58
2012-10-06T00:00:00,3054627.52694864,12.97
2012-10-10T00:00:00,3054627.52694864,12.3
2012-10-14T00:00:00,3054627.52694864,12.1
2012-10-18T00:00:00,3072321.73202076,11.98
2012-10-22T00:00:00,3072321.73202076,11.8
2012-10-26T00:00:00,3072321.73202076,11.56
2012-10-30T00:00:00,3304356.39299034,10.93
2012-11-03T00:00:00,3304356.39299034,11.06
2012-11-07T00:00:00,3304356.39299034,10.97
2012-11-11T00:00:00,3304356.39299034,10.95
2012-11-15T00:00:00,3368767.14053294,11.07
2012-11-19T00:00:00,3368767.14053294,11.82
2012-11-23T00:00:00,3368767.14053294,12.32
2012-11-27T00:00:00,3438908.96015914,12.62
2012-12-01T00:00:00,3438908.96015914,12.66
2012-12-05T00:00:00,3438908.96015914,13.09
2012-12-09T00:00:00,3438908.96015914,13.55
2012-12-13T00:00:00,3370181.79927784,13.8
2012-12-17T00:00:00,3370181.79927784,13.63
2012-12-21T00:00:00,3370181.79927784,13.7
2012-12-25T00:00:00,3370181.79927784,13.45
2012-12-29T00:00:00,2979636.61693807,13.65
2013-01-02T00:00:00,2979636.61693807,13.52
2013-01-06T00:00:00,2979636.61693807,13.54
2013-01-10T00:00:00,3249549.58448721,13.99
2013-01-14T00:00:00,3249549.58448721,14.31
2013-01-18T00:00:00,3249549.58448721,15.53
2013-01-22T00:00:00,3249549.58448721,17.13
2013-01-26T00:00:00,2968775.33207507,18.54
2013-01-30T00:00:00,2968775.33207507,19.78
2013-02-03T00:00:00,2968775.33207507,21
2013-02-07T00:00:00,3275464.58656562,21.53
2013-02-11T00:00:00,3275464.58656562,23.97
2013-02-15T00:00:00,3275464.58656562,27.2
2013-02-19T00:00:00,3651011.63069321,26.98
2013-02-23T00:00:00,3651011.63069321,30.52
2013-02-27T00:00:00,3651011.63069321,31.2
2013-03-03T00:00:00,4367876.0008422,34.25
2013-03-07T00:00:00,4367876.0008422,42
2013-03-11T00:00:00,4367876.0008422,45.6
2013-03-15T00:00:00,4847647.15206561,46.86
2013-03-19T00:00:00,4847647.15206561,52.12
2013-03-23T00:00:00,4847647.15206561,70.25
2013-03-27T00:00:00,6695826.28259625,78.79
2013-03-31T00:00:00,6695826.28259625,92.5
2013-04-04T00:00:00,6695826.28259625,131
2013-04-08T00:00:00,7672999.92016414,163.3
2013-04-12T00:00:00,7672999.92016414,124.9
2013-04-16T00:00:00,7672999.92016414,68.1
2013-04-20T00:00:00,8974296.01488785,118.92
2013-04-24T00:00:00,8974296.01488785,142.5
2013-04-28T00:00:00,8974296.01488785,128.5
2013-05-02T00:00:00,10076292.8834187,117
2013-05-06T00:00:00,10076292.8834187,115.98
2013-05-10T00:00:00,10076292.8834187,112.69
2013-05-14T00:00:00,11187257.4613608,117.99
2013-05-18T00:00:00,11187257.4613608,123.32
2013-05-22T00:00:00,11187257.4613608,122.7
2013-05-26T00:00:00,12153411.7097758,131.99
2013-05-30T00:00:00,12153411.7097758,132.3
2013-06-03T00:00:00,12153411.7097758,122.42
2013-06-07T00:00:00,15605632.6812859,118.97
2013-06-11T00:00:00,15605632.6812859,106.1
2013-06-15T00:00:00,15605632.6812859,99.98
2013-06-19T00:00:00,19339258.2723867,107.39
2013-06-23T00:00:00,19339258.2723867,108.35
2013-06-27T00:00:00,19339258.2723867,104
2013-07-01T00:00:00,21335329.113983,97.25
2013-07-05T00:00:00,21335329.113983,80.04
2013-07-09T00:00:00,21335329.113983,76.49
2013-07-13T00:00:00,26162875.6825699,93.99
2013-07-17T00:00:00,26162875.6825699,97.05
2013-07-21T00:00:00,26162875.6825699,89.39
2013-07-25T00:00:00,31256960.7277689,94.51
2013-07-29T00:00:00,31256960.7277689,98.7
2013-08-02T00:00:00,31256960.7277689,104.62
2013-08-06T00:00:00,37392766.1364746,106.72
2013-08-10T00:00:00,37392766.1364746,102.8
2013-08-14T00:00:00,50810339.0482765,109.35
2013-08-18T00:00:00,50810339.0482765,99.71
2013-08-22T00:00:00,50810339.0482765,110.43
2013-08-26T00:00:00,65750060.1490848,113.28
2013-08-30T00:00:00,65750060.1490848,118.5
2013-09-03T00:00:00,65750060.1490848,130.09
2013-09-07T00:00:00,86933017.7711944,117.61
2013-09-11T00:00:00,86933017.7711944,122.02
2013-09-15T00:00:00,112628548.666347,124.05
2013-09-19T00:00:00,112628548.666347,127.12
2013-09-23T00:00:00,112628548.666347,122.93
2013-09-27T00:00:00,148819199.805093,124.65
2013-10-01T00:00:00,148819199.805093,126.25
2013-10-05T00:00:00,148819199.805093,121.94
2013-10-09T00:00:00,189281249.281033,124.12
2013-10-13T00:00:00,189281249.281033,127.59
2013-10-17T00:00:00,267731249.482421,138.19
2013-10-21T00:00:00,267731249.482421,186.12
2013-10-25T00:00:00,267731249.482421,195.33
2013-10-29T00:00:00,390928787.638086,206.9
2013-11-02T00:00:00,390928787.638086,203
2013-11-06T00:00:00,510929738.016152,252.59
2013-11-10T00:00:00,510929738.016152,330
2013-11-14T00:00:00,510929738.016152,393
2013-11-18T00:00:00,609482679.888355,475
2013-11-22T00:00:00,609482679.888355,716.77
2013-11-26T00:00:00,609482679.888355,814.56
2013-11-30T00:00:00,707408283.051497,1133.95
2013-12-04T00:00:00,707408283.051497,1050.21
2013-12-08T00:00:00,707408283.051497,705.91
2013-12-12T00:00:00,908350862.437022,876.88
2013-12-16T00:00:00,908350862.437022,862.98
2013-12-20T00:00:00,908350862.437022,685.3
2013-12-24T00:00:00,1180923195.25803,659.99
2013-12-28T00:00:00,1180923195.25803,723.98
2014-01-01T00:00:00,1180923195.25803,732
2014-01-05T00:00:00,1418481395.26264,828.74
2014-01-09T00:00:00,1418481395.26264,823.3
2014-01-13T00:00:00,1789546951.05324,844.04
2014-01-17T00:00:00,1789546951.05324,817.15
2014-01-21T00:00:00,1789546951.05324,827.81
2014-01-25T00:00:00,2193847870.17428,780.02
2014-01-29T00:00:00,2193847870.17428,785.6
2014-02-02T00:00:00,2193847870.17428,817.08
2014-02-06T00:00:00,2621404453.06462,781
2014-02-10T00:00:00,2621404453.06462,687.37
2014-02-14T00:00:00,2621404453.06462,610
2014-02-18T00:00:00,3129573174.52229,629.96
2014-02-22T00:00:00,3129573174.52229,579.5
2014-02-26T00:00:00,3129573174.52229,559.52
2014-03-02T00:00:00,3815723798.81463,567.48
2014-03-06T00:00:00,3815723798.81463,670.7
2014-03-10T00:00:00,3815723798.81463,639.9
2014-03-14T00:00:00,4250217919.86954,641.01
2014-03-18T00:00:00,4250217919.86954,624.71
2014-03-22T00:00:00,4250217919.86954,572.89
2014-03-26T00:00:00,5006860589.2054,585.79
2014-03-30T00:00:00,5006860589.2054,490
2014-04-03T00:00:00,5006860589.2054,439.12
2014-04-07T00:00:00,6119726089.12815,458
2014-04-11T00:00:00,6119726089.12815,369
2014-04-15T00:00:00,6119726089.12815,459.64
2014-04-19T00:00:00,6978842649.59238,482.11
2014-04-23T00:00:00,6978842649.59238,488.52
2014-04-27T00:00:00,6978842649.59238,461.48
2014-05-01T00:00:00,8000872135.96816,452.03
2014-05-05T00:00:00,8000872135.96816,436.75
2014-05-09T00:00:00,8000872135.96816,437.61
2014-05-13T00:00:00,8853416309.1278,442.45
2014-05-17T00:00:00,8853416309.1278,449.12
2014-05-21T00:00:00,8853416309.1278,488.12
2014-05-25T00:00:00,10455720138.4848,527.91
2014-05-29T00:00:00,10455720138.4848,581
2014-06-02T00:00:00,10455720138.4848,630.71
2014-06-06T00:00:00,11756551916.904,661.48
2014-06-10T00:00:00,11756551916.904,648.81
2014-06-14T00:00:00,11756551916.904,591.55
2014-06-18T00:00:00,13462580114.5253,608
2014-06-22T00:00:00,13462580114.5253,590.96
2014-06-26T00:00:00,13462580114.5253,560.76
2014-06-30T00:00:00,16818461371.1611,599.99
2014-07-04T00:00:00,16818461371.1611,645.35
2014-07-08T00:00:00,16818461371.1611,624.35
2014-07-12T00:00:00,16818461371.1611,634
2014-07-16T00:00:00,17336316978.5078,624.07
2014-07-20T00:00:00,17336316978.5078,630
2014-07-24T00:00:00,17336316978.5078,620.43
2014-07-28T00:00:00,18736441558.3102,593.68
2014-08-01T00:00:00,18736441558.3102,582.04
2014-08-05T00:00:00,18736441558.3102,588.5
2014-08-09T00:00:00,19729645940.5771,588.98
2014-08-13T00:00:00,19729645940.5771,569.01
2014-08-17T00:00:00,19729645940.5771,523.88
2014-08-21T00:00:00,23844670038.8033,518.82
2014-08-25T00:00:00,23844670038.8033,508.03
2014-08-29T00:00:00,23844670038.8033,506.61
2014-09-02T00:00:00,27428630902.2579,476.36
2014-09-06T00:00:00,27428630902.2579,485.91
2014-09-10T00:00:00,27428630902.2579,473.35
2014-09-14T00:00:00,29829733124.0404,476.92
2014-09-18T00:00:00,29829733124.0404,453.9
2014-09-22T00:00:00,29829733124.0404,401.15
2014-09-26T00:00:00,34661425923.9769,410.19
2014-09-30T00:00:00,34661425923.9769,373.87
2014-10-04T00:00:00,34661425923.9769,358.9
2014-10-08T00:00:00,34661425923.9769,334.06
2014-10-12T00:00:00,35002482026.1332,361.95
2014-10-16T00:00:00,35002482026.1332,394.84
2014-10-20T00:00:00,35002482026.1332,389.44
2014-10-24T00:00:00,35985640265.0762,357.2
2014-10-28T00:00:00,35985640265.0762,350.9
2014-11-01T00:00:00,35985640265.0762,337.79
2014-11-05T00:00:00,39603666252.4184,330.23
2014-11-09T00:00:00,39603666252.4184,346.94
2014-11-13T00:00:00,39603666252.4184,420.19
2014-11-17T00:00:00,39603666252.4184,389.87
2014-11-21T00:00:00,40300030327.8914,356.47
2014-11-25T00:00:00,40300030327.8914,374.58
2014-11-29T00:00:00,40300030327.8914,376.98
2014-12-03T00:00:00,40300030327.8914,379.62
2014-12-07T00:00:00,40007470271.2713,375.05
2014-12-11T00:00:00,40007470271.2713,348.79
2014-12-15T00:00:00,40007470271.2713,357.8
2014-12-19T00:00:00,39457671307.1387,312.26
2014-12-23T00:00:00,39457671307.1387,331.98
2014-12-27T00:00:00,39457671307.1387,329.94
2014-12-31T00:00:00,40640955016.5765,311
2015-01-04T00:00:00,40640955016.5765,285.09
2015-01-08T00:00:00,40640955016.5765,297.99
2015-01-12T00:00:00,43971662056.0896,269.68
2015-01-16T00:00:00,43971662056.0896,210.21
2015-01-20T00:00:00,43971662056.0896,216.01
2015-01-24T00:00:00,43971662056.0896,233.71
2015-01-28T00:00:00,41272873894.697,263.52
2015-02-01T00:00:00,41272873894.697,219.25
2015-02-05T00:00:00,41272873894.697,226.71
2015-02-09T00:00:00,44455415962.3438,223.93
2015-02-13T00:00:00,44455415962.3438,222.33
2015-02-17T00:00:00,44455415962.3438,234.5
2015-02-21T00:00:00,44455415962.3438,245.78
2015-02-25T00:00:00,46684376316.8603,239.94
2015-03-01T00:00:00,46684376316.8603,253.5
2015-03-05T00:00:00,46684376316.8603,270.06
2015-03-09T00:00:00,47427554950.6483,275
2015-03-13T00:00:00,47427554950.6483,294.9
2015-03-17T00:00:00,47427554950.6483,289.28
2015-03-21T00:00:00,47427554950.6483,262.1
2015-03-25T00:00:00,46717549644.7064,245
2015-03-29T00:00:00,46717549644.7064,252.96
2015-04-02T00:00:00,46717549644.7064,246.49
2015-04-06T00:00:00,49446390688.2414,260.52
2015-04-10T00:00:00,49446390688.2414,243
2015-04-14T00:00:00,49446390688.2414,223.01
2015-04-18T00:00:00,49446390688.2414,222.64
2015-04-22T00:00:00,47610564513.4713,235.85
2015-04-26T00:00:00,47610564513.4713,226.29
2015-04-30T00:00:00,47610564513.4713,225.62
2015-05-04T00:00:00,47643398017.8034,239.47
2015-05-08T00:00:00,47643398017.8034,237.16
2015-05-12T00:00:00,47643398017.8034,240.95
2015-05-16T00:00:00,47643398017.8034,237.37
2015-05-20T00:00:00,48807487244.6814,231.4
2015-05-24T00:00:00,48807487244.6814,237.76
2015-05-28T00:00:00,48807487244.6814,235.31
2015-06-01T00:00:00,48807487244.6814,228.34
2015-06-05T00:00:00,47589591153.625,222.88
2015-06-09T00:00:00,47589591153.625,227.66
2015-06-13T00:00:00,47589591153.625,229.6
2015-06-17T00:00:00,49692386354.8938,249.98
2015-06-21T00:00:00,49692386354.8938,244.75
2015-06-25T00:00:00,49692386354.8938,240.2
2015-06-29T00:00:00,49402014931.2275,248.57
2015-07-03T00:00:00,49402014931.2275,254.68
2015-07-07T00:00:00,49402014931.2275,268.53
2015-07-11T00:00:00,49402014931.2275,284.92
2015-07-15T00:00:00,51076366303.4819,287.92
2015-07-19T00:00:00,51076366303.4819,276.74
2015-07-23T00:00:00,51076366303.4819,277.97
2015-07-27T00:00:00,52278304845.5917,292.82
2015-07-31T00:00:00,52278304845.5917,288.45
2015-08-04T00:00:00,52278304845.5917,281.12
2015-08-08T00:00:00,52699842409.347,279.32
2015-08-12T00:00:00,52699842409.347,270.98
2015-08-16T00:00:00,52699842409.347,261.43
2015-08-20T00:00:00,52699842409.347,226.25
2015-08-24T00:00:00,54256630327.89,228.14
2015-08-28T00:00:00,54256630327.89,225.11
2015-09-01T00:00:00,54256630327.89,230.25
2015-09-05T00:00:00,56957648455.01,230.73
2015-09-09T00:00:00,56957648455.01,244.21
2015-09-13T00:00:00,56957648455.01,234.73
2015-09-17T00:00:00,56957648455.01,228.33
2015-09-21T00:00:00,59335351233.8666,230.16
2015-09-25T00:00:00,59335351233.8666,234
2015-09-29T00:00:00,59335351233.8666,239.14
2015-10-03T00:00:00,60813224039.4403,237.77
2015-10-07T00:00:00,60813224039.4403,246.8
2015-10-11T00:00:00,60813224039.4403,245.72
2015-10-15T00:00:00,60883825480.0983,252.47
2015-10-19T00:00:00,60883825480.0983,261.04
2015-10-23T00:00:00,60883825480.0983,274.35
2015-10-27T00:00:00,60883825480.0983,286.69
2015-10-31T00:00:00,62253982449.7608,328.17
2015-11-04T00:00:00,62253982449.7608,404.5
2015-11-08T00:00:00,62253982449.7608,387.02
2015-11-12T00:00:00,65848255179.7026,308.98
2015-11-16T00:00:00,65848255179.7026,318.97
2015-11-20T00:00:00,65848255179.7026,325.9
2015-11-24T00:00:00,72722780642.5472,323.48
2015-11-28T00:00:00,72722780642.5472,358
2015-12-02T00:00:00,72722780642.5472,362.58
2015-12-06T00:00:00,72722780642.5472,386.95
2015-12-10T00:00:00,79102380900.226,416.49
2015-12-14T00:00:00,79102380900.226,433.39
2015-12-18T00:00:00,79102380900.226,456.58
2015-12-22T00:00:00,93448670796.3238,438.35
2015-12-26T00:00:00,93448670796.3238,455.5
2015-12-30T00:00:00,93448670796.3238,433.23
2016-01-03T00:00:00,103880340815.456,432.76
2016-01-07T00:00:00,103880340815.456,429.26
2016-01-11T00:00:00,103880340815.456,448.43
2016-01-15T00:00:00,113354299801.471,429.55
2016-01-19T00:00:00,113354299801.471,385.49
2016-01-23T00:00:00,113354299801.471,381.5
2016-01-27T00:00:00,120033340651.237,391.66
2016-01-31T00:00:00,120033340651.237,376.6
2016-02-04T00:00:00,120033340651.237,368.46
2016-02-08T00:00:00,144116447847.349,375
2016-02-12T00:00:00,144116447847.349,378.02
2016-02-16T00:00:00,144116447847.349,399.21
2016-02-20T00:00:00,163491654908.959,419.98
2016-02-24T00:00:00,163491654908.959,419.25
2016-02-28T00:00:00,163491654908.959,431.59
2016-03-03T00:00:00,163491654908.959,422.5
2016-03-07T00:00:00,158427203767.392,405.69
2016-03-11T00:00:00,158427203767.392,416
2016-03-15T00:00:00,158427203767.392,414.99
2016-03-19T00:00:00,165496835118.226,407.96
2016-03-23T00:00:00,165496835118.226,416.39
2016-03-27T00:00:00,165496835118.226,416.96
2016-03-31T00:00:00,165496835118.226,413.74
2016-04-04T00:00:00,166851513282.777,418.51
2016-04-08T00:00:00,166851513282.777,419.95
2016-04-12T00:00:00,166851513282.777,422.63
2016-04-16T00:00:00,178678307671.688,429.45
2016-04-20T00:00:00,178678307671,435.95
2016-04-24T00:00:00,178678307671,451.92
2016-04-28T00:00:00,178666121338.551,445.29
2016-05-02T00:00:00,178659257772,453
2016-05-06T00:00:00,178659257772,449.37
2016-05-10T00:00:00,178659257772,460.66
2016-05-14T00:00:00,194254820283,455.82
2016-05-18T00:00:00,194254820283,453.08
2016-05-22T00:00:00,194254820283,443.21
2016-05-26T00:00:00,199312067531,448.7
2016-05-30T00:00:00,199312067531,511.3
2016-06-03T00:00:00,199312067531,538
2016-06-07T00:00:00,199312067531,583.72
2016-06-11T00:00:00,196061423939,577.95
2016-06-15T00:00:00,196061423939,685.19
2016-06-19T00:00:00,196061423939,751.96
2016-06-23T00:00:00,209453158595,592.81
2016-06-27T00:00:00,209453158595,630.19
2016-07-01T00:00:00,209453158595,667.95
2016-07-05T00:00:00,213398925331,681.98
2016-07-09T00:00:00,213398925331,663
2016-07-13T00:00:00,213398925331,664.5
2016-07-17T00:00:00,213398925331,661.32
2016-07-21T00:00:00,213492501107,667.5
2016-07-25T00:00:00,213492501107,661.48
2016-07-29T00:00:00,213492501107,655.54
2016-08-02T00:00:00,210798472402.845,605.56
2016-08-06T00:00:00,201893210853,572.72
2016-08-10T00:00:00,201893210853,584.98
2016-08-14T00:00:00,201893210853,583.34
2016-08-18T00:00:00,217375482757,570.92
2016-08-22T00:00:00,217375482757,577.24
2016-08-26T00:00:00,217375482757,575.75
2016-08-30T00:00:00,220755908330,571.5
2016-09-03T00:00:00,220755908330,572
2016-09-07T00:00:00,220755908330,608.16
2016-09-11T00:00:00,220755908330,621.65
2016-09-15T00:00:00,225832872179,608.99
2016-09-19T00:00:00,225832872179,607.31
2016-09-23T00:00:00,225832872179,594.08
2016-09-27T00:00:00,241227200229,606.79
2016-10-01T00:00:00,241227200229,608.38
2016-10-05T00:00:00,241227200229,607.18
2016-10-09T00:00:00,258522748404,614.46
2016-10-13T00:00:00,258522748404,635.16
2016-10-17T00:00:00,258522748404,638.97
2016-10-21T00:00:00,258522748404,628.89
2016-10-25T00:00:00,253618246641,643.93
2016-10-29T00:00:00,253618246641,685.91
2016-11-02T00:00:00,253618246641,726.6
2016-11-06T00:00:00,254620187304,703.48
2016-11-10T00:00:00,254620187304,721.5
2016-11-14T00:00:00,254620187304,700.38
2016-11-18T00:00:00,272434584596.115,736.84
2016-11-22T00:00:00,281800917193,736.97
2016-11-26T00:00:00,281800917193,737.07
2016-11-30T00:00:00,281800917193,730.02
2016-12-04T00:00:00,286765766820,762.97
2016-12-08T00:00:00,286765766820,766.48
2016-12-12T00:00:00,286765766820,768.19
2016-12-16T00:00:00,310153855703,775.88
2016-12-20T00:00:00,310153855703,791.03
2016-12-24T00:00:00,310153855703,913.93
2016-12-28T00:00:00,312083434211.183,930.34
2017-01-01T00:00:00,317688400354,964.84
2017-01-05T00:00:00,317688400354,1109.16
2017-01-09T00:00:00,317688400354,910.49
2017-01-13T00:00:00,336899932795,805.52
2017-01-17T00:00:00,336899932795,830.56
2017-01-21T00:00:00,336899932795,895.64
2017-01-25T00:00:00,392963262344,883.59
2017-01-29T00:00:00,392963262344,918.62
2017-02-02T00:00:00,392963262344,983.42
2017-02-06T00:00:00,422170566883,1011.08
2017-02-10T00:00:00,422170566883,985.34
2017-02-14T00:00:00,422170566883,1001.2
2017-02-18T00:00:00,432944392642.632,1054.55
2017-02-22T00:00:00,440779902286,1125
2017-02-26T00:00:00,440779902286,1150.37
2017-03-02T00:00:00,440779902286,1224.98
2017-03-06T00:00:00,460769358090,1271.04
2017-03-10T00:00:00,460769358090,1192.09
2017-03-14T00:00:00,460769358090,1240.72
2017-03-18T00:00:00,475705205061,1068.3
2017-03-22T00:00:00,475705205061,1113
2017-03-26T00:00:00,475705205061,961.81
2017-03-30T00:00:00,482855238676.823,1039.77
2017-04-03T00:00:00,499635929816,1079.99
2017-04-07T00:00:00,499635929816,1193.73
2017-04-11T00:00:00,499635929816,1209.99
2017-04-15T00:00:00,520808749422,1170.36
2017-04-19T00:00:00,520808749422,1201.2
2017-04-23T00:00:00,520808749422,1233.24
2017-04-27T00:00:00,521839702599.075,1288.02
2017-05-01T00:00:00,521974519553,1354.8
2017-05-05T00:00:00,521974519553,1537.23
2017-05-09T00:00:00,521974519553,1651.1
2017-05-13T00:00:00,559970892890,1692.88
2017-05-17T00:00:00,559970892890,1708.99
2017-05-21T00:00:00,559970892890,2008.84
2017-05-25T00:00:00,595921917085,2421.49
2017-05-29T00:00:00,595921917085,2177.38
2017-06-02T00:00:00,595921917085,2409.93
2017-06-06T00:00:00,678760110082,2699.12
2017-06-10T00:00:00,678760110082,2825.14
2017-06-14T00:00:00,678760110082,2706
2017-06-18T00:00:00,711697198173,2629.76
2017-06-22T00:00:00,711697198173,2658.69
2017-06-26T00:00:00,711697198173,2502.03
2017-06-30T00:00:00,711697198173,2541.69
2017-07-04T00:00:00,708659466230,2549.93
2017-07-08T00:00:00,708659466230,2502.86
2017-07-12T00:00:00,708659466230,2310.93
2017-07-16T00:00:00,804525194568,1972.29
2017-07-20T00:00:00,804525194568,2265.21
2017-07-24T00:00:00,804525194568,2748.36
2017-07-28T00:00:00,860221984436,2656.53
2017-08-01T00:00:00,860221984436,2862.9
2017-08-05T00:00:00,860221984436,2856.52
2017-08-09T00:00:00,888074709977.536,3408.75
2017-08-13T00:00:00,923233068448,3868.52
2017-08-17T00:00:00,923233068448,4375.8
2017-08-21T00:00:00,923233068448,4054.6
2017-08-25T00:00:00,888171856257,4331.77
2017-08-29T00:00:00,888171856257,4376.66
2017-09-02T00:00:00,888171856257,4908.41
2017-09-06T00:00:00,903315386418.901,4385.02
2017-09-10T00:00:00,922724699725,4330.87
2017-09-14T00:00:00,922724699725,3865.22
2017-09-18T00:00:00,1052185622754.52,3678.53
2017-09-22T00:00:00,1103400932964,3600.92
2017-09-26T00:00:00,1103400932964,3931.98
2017-09-30T00:00:00,1103400932964,4164.27
2017-10-04T00:00:00,1123863285132,4308.33
2017-10-08T00:00:00,1123863285132,4439.46
2017-10-12T00:00:00,1123863285132,4822.17
2017-10-16T00:00:00,1196792694098,5691.69
2017-10-20T00:00:00,1196792694098,5697.16
2017-10-24T00:00:00,1196792694098,5900.59
2017-10-28T00:00:00,1452839779145,5769.89
2017-11-01T00:00:00,1452839779145,6416.07
2017-11-05T00:00:00,1452839779145,7365.99
2017-11-09T00:00:00,1452839779145,7468.44
2017-11-13T00:00:00,1364422081125,5890.08
2017-11-17T00:00:00,1364422081125,7868.77
2017-11-21T00:00:00,1364422081125,8242.81
2017-11-25T00:00:00,1347001430558,8212.78
2017-11-29T00:00:00,1347001430558,9919
2017-12-03T00:00:00,1347001430558,10912.87
2017-12-07T00:00:00,1590896927258,13843.93
2017-12-11T00:00:00,1590896927258,15068.95
2017-12-15T00:00:00,1590896927258,16408.15
2017-12-19T00:00:00,1873105475221,18911.79
2017-12-23T00:00:00,1873105475221,13776.61
2017-12-27T00:00:00,1873105475221,15677.99
2017-12-31T00:00:00,1873105475221,12612.54
2018-01-04T00:00:00,1931136454487,15039.24
2018-01-08T00:00:00,1931136454487,16192.91
2018-01-12T00:00:00,1931136454487,13285.55
2018-01-16T00:00:00,2227847638503,13554.14
2018-01-20T00:00:00,2227847638503,11506.51
2018-01-24T00:00:00,2227847638503,10831.49
2018-01-28T00:00:00,2603077300218,11431.37
2018-02-01T00:00:00,2603077300218,10204
2018-02-05T00:00:00,2603077300218,8202.06
2018-02-09T00:00:00,2874674234415,8245.08
2018-02-13T00:00:00,2874674234415,8895.72
2018-02-17T00:00:00,2874674234415,10178.56
2018-02-21T00:00:00,3007383866429,11245.98
2018-02-25T00:00:00,3007383866429,9699.76
2018-03-01T00:00:00,3007383866429,10332.14
2018-03-05T00:00:00,3233581400367.21,11516.83
2018-03-09T00:00:00,3290605988755,9324.5
2018-03-13T00:00:00,3290605988755,9130
2018-03-17T00:00:00,3290605988755,8297.89
2018-03-21T00:00:00,3462542391191,8909.95
2018-03-25T00:00:00,3462542391191,8533.76
2018-03-29T00:00:00,3462542391191,7950.61
2018-04-02T00:00:00,3511060552899,6827.54
2018-04-06T00:00:00,3511060552899,6786.66
2018-04-10T00:00:00,3511060552899,6784.41
2018-04-14T00:00:00,3796188328004.62,7895.25
2018-04-18T00:00:00,3839316899029,7907.19
2018-04-22T00:00:00,3839316899029,8930.6
2018-04-26T00:00:00,3839316899029,8870.14
2018-04-30T00:00:00,4022059196164,9398.4
2018-05-04T00:00:00,4022059196164,9753.35
2018-05-08T00:00:00,4022059196164,9369.16
2018-05-12T00:00:00,4143878474754,8396.83
2018-05-16T00:00:00,4143878474754,8471.06
2018-05-20T00:00:00,4143878474754,8242.07
2018-05-24T00:00:00,4219142059012.62,7511.91
2018-05-28T00:00:00,4306949573981,7344.56
2018-06-01T00:00:00,4306949573981,7489.66
2018-06-05T00:00:00,4415593341673.57,7495.47
2018-06-09T00:00:00,4940704885521,7615.54
2018-06-13T00:00:00,4940704885521,6553
2018-06-17T00:00:00,4940704885521,6488.68
2018-06-21T00:00:00,5077499034879,6760.83
2018-06-25T00:00:00,5077499034879,6157.04
2018-06-29T00:00:00,5077499034879,5878.14
2018-07-03T00:00:00,5363678461481,6626.44
2018-07-07T00:00:00,5363678461481,6628.59
2018-07-11T00:00:00,5363678461481,6329.27
2018-07-15T00:00:00,5363678461481,6248.84
2018-07-19T00:00:00,5178671069072,7371.11
2018-07-23T00:00:00,5178671069072,7406.66
2018-07-27T00:00:00,5178671069072,7939.81
2018-07-31T00:00:00,5949437371609,8171.49
2018-08-04T00:00:00,5949437371610,7414.77
2018-08-08T00:00:00,5949437371610,6718.23
2018-08-12T00:00:00,6389316883512,6227.85
2018-08-16T00:00:00,6389316883512,6270.67
2018-08-20T00:00:00,6389316883512,6486.58
2018-08-24T00:00:00,6505039002077.41,6525.96
2018-08-28T00:00:00,6727225469723,6901.26
2018-09-01T00:00:00,6727225469723,7018.78
2018-09-05T00:00:00,6727225469723,7359.19
2018-09-09T00:00:00,7019199231177,6184.06
2018-09-13T00:00:00,7019199231177,6326.04
2018-09-17T00:00:00,7019199231177,6497.37
2018-09-21T00:00:00,7152633351906,6496.02
2018-09-25T00:00:00,7152633351906,6583.45
2018-09-29T00:00:00,7152633351906,6628.66
2018-10-03T00:00:00,7152633351906,6521.31
2018-10-07T00:00:00,7454968648263,6573.62
2018-10-11T00:00:00,7454968648263,6581.07
2018-10-15T00:00:00,7454968648263,6265.16
2018-10-19T00:00:00,7182852313938,6509.61
2018-10-23T00:00:00,7182852313938,6493.89
2018-10-27T00:00:00,7182852313938,6472.17
2018-10-31T00:00:00,7182852313938,6301.61
2018-11-04T00:00:00,7184404942702,6361.3
2018-11-08T00:00:00,7184404942702,6536.83
2018-11-12T00:00:00,7184404942702,6408.53
2018-11-16T00:00:00,7175974755379.84,5658.73
2018-11-20T00:00:00,6653303141406,4848.78
2018-11-24T00:00:00,6653303141406,4352.98
2018-11-28T00:00:00,6653303141406,3828.45
2018-12-02T00:00:00,6653303141406,4188.09
2018-12-06T00:00:00,5646403851535,3744.98
2018-12-10T00:00:00,5646403851535,3588.44
2018-12-14T00:00:00,5646403851535,3308.11
2018-12-18T00:00:00,5621092245587.73,3556.54
2018-12-22T00:00:00,5106422924660,3899.83
2018-12-26T00:00:00,5106422924660,3821.52
2018-12-30T00:00:00,5106422924660,3770.36
2019-01-03T00:00:00,5618595848853,3931.31
2019-01-07T00:00:00,5618595848853,4071.77
2019-01-11T00:00:00,5618595848853,3646.25
2019-01-15T00:00:00,5883988430955,3682.48
2019-01-19T00:00:00,5883988430955,3625.73
2019-01-23T00:00:00,5883988430955,3587.35
2019-01-27T00:00:00,5883988430955,3576.3
2019-01-31T00:00:00,5814661935892,3470
2019-02-04T00:00:00,5814661935892,3456.02
2019-02-08T00:00:00,5814661935892,3394.76
2019-02-12T00:00:00,6061518831027,3629.47
2019-02-16T00:00:00,6061518831027,3608.2
2019-02-20T00:00:00,6061518831027,3926.53
2019-02-24T00:00:00,6064081790460.55,4139.6
2019-02-28T00:00:00,6071846049921,3833.23
2019-03-04T00:00:00,6071846049921,3814.58
2019-03-08T00:00:00,6071846049921,3886.82
2019-03-12T00:00:00,6068891541677,3881.09
2019-03-16T00:00:00,6068891541677,3936.5
2019-03-20T00:00:00,6068891541677,4029.11
2019-03-24T00:00:00,6368919654419.87,4011.92
2019-03-28T00:00:00,6379265451411,4048.51
2019-04-01T00:00:00,6379265451411,4114.16
2019-04-05T00:00:00,6379265451411,4911.24
2019-04-09T00:00:00,6393023717202,5268.71
2019-04-13T00:00:00,6393023717202,5072.85
2019-04-17T00:00:00,6393023717202,5196.65
2019-04-21T00:00:00,6357721118108.33,5309.28
2019-04-25T00:00:00,6353030562984,5434.19
2019-04-29T00:00:00,6353030562984,5301.29
2019-05-03T00:00:00,6353030562984,5390.16
2019-05-07T00:00:00,6702169884349,5684.47
2019-05-11T00:00:00,6702169884349,6348.02
2019-05-15T00:00:00,6702169884349,7992.69
2019-05-19T00:00:00,6704632680587,7265.05
2019-05-23T00:00:00,6704632680587,7625.93
2019-05-27T00:00:00,6704632680587,8744.42
2019-05-31T00:00:00,7459680720542,8272.46
2019-06-04T00:00:00,7459680720542,8134.92
2019-06-08T00:00:00,7459680720542,7998.29
2019-06-12T00:00:00,7459680720542,7917.58
2019-06-16T00:00:00,7409399249090,8859.47
2019-06-20T00:00:00,7409399249090,9281.7
2019-06-24T00:00:00,7409399249090,10814.48
2019-06-28T00:00:00,7934713219631,11132.85
2019-07-02T00:00:00,7934713219631,10578.72
2019-07-06T00:00:00,7934713219631,10955.16
2019-07-10T00:00:00,9064159826491,12586.78
2019-07-14T00:00:00,9064159826491,11389.1
2019-07-18T00:00:00,9064159826491,9674.28
2019-07-22T00:00:00,9064159826491,10587.41
2019-07-26T00:00:00,9013786945892,9875.17
2019-07-30T00:00:00,9013786945892,9501.33
2019-08-03T00:00:00,9013786945892,10529.55
2019-08-07T00:00:00,9985348008060,11465.67
2019-08-11T00:00:00,9985348008060,11282.22
2019-08-15T00:00:00,9985348008060,10016.96
2019-08-19T00:00:00,10183488432890,10317.6
2019-08-23T00:00:00,10183488432890,10111.98
2019-08-27T00:00:00,10183488432890,10360.28
2019-08-31T00:00:00,10183488432890,9577.99
2019-09-04T00:00:00,10771996663680,10621.29
2019-09-08T00:00:00,10771996663680,10487.21
2019-09-12T00:00:00,10771996663680,10159.32
2019-09-16T00:00:00,11890594958796,10310.43
2019-09-20T00:00:00,11890594958796,10275.88
2019-09-24T00:00:00,11890594958796,9683.38
2019-09-28T00:00:00,12759819404409,8193.9
2019-10-02T00:00:00,12759819404409,8322.92
2019-10-06T00:00:00,12759819404409,8147.69
2019-10-10T00:00:00,12874760266706.7,8587.92
2019-10-14T00:00:00,13008091666972,8283.76
2019-10-18T00:00:00,13008091666972,8076.78
2019-10-22T00:00:00,13008091666972,8222.52
2019-10-26T00:00:00,13691480038694,8666.79
2019-10-30T00:00:00,13691480038694,9433.35
2019-11-03T00:00:00,13691480038694,9301.18
2019-11-07T00:00:00,13669891710442.8,9343.34
2019-11-11T00:00:00,12720005267391,9037.12
2019-11-15T00:00:00,12720005267391,8632.32
2019-11-19T00:00:00,12720005267391,8175.99
2019-11-23T00:00:00,12973235968800,7286.35
2019-11-27T00:00:00,12973235968800,7163.63
2019-12-01T00:00:00,12973235968800,7557.72
2019-12-05T00:00:00,12955951549096.1,7192.85
2019-12-09T00:00:00,12876842089682,7522.39
2019-12-13T00:00:00,12876842089682,7189.16
2019-12-17T00:00:00,12876842089682,6879.54
2019-12-21T00:00:00,12948593420946,7190.17
2019-12-25T00:00:00,12948593420946,7250.69
2019-12-29T00:00:00,12948593420946,7301.07
2020-01-02T00:00:00,13798783827516,7175.68
2020-01-06T00:00:00,13798783827516,7351.57
2020-01-10T00:00:00,13798783827516,7817.92
2020-01-14T00:00:00,13819009697340.3,8105.24
2020-01-18T00:00:00,14776367535689,8900.34
2020-01-22T00:00:00,14776367535689,8722.26
2020-01-26T00:00:00,14776367535689,8327.36
2020-01-30T00:00:00,15466098935555,9279.81
2020-02-03T00:00:00,15466098935555,9314.56
2020-02-07T00:00:00,15466098935555,9755.66
2020-02-11T00:00:00,15521134947902.1,9854.79
2020-02-15T00:00:00,15546745765529,10368.53
2020-02-19T00:00:00,15546745765529,10180.65
2020-02-23T00:00:00,15546745765529,9669.63
2020-02-27T00:00:00,15486913440293,8785.52
2020-03-02T00:00:00,15486913440293,8534.17
2020-03-06T00:00:00,15486913440293,9067.39
2020-03-10T00:00:00,16552923967337,7931.94
2020-03-14T00:00:00,16552923967337,5609.03
2020-03-18T00:00:00,16552923967337,5357.61
2020-03-22T00:00:00,16552923967337,6189.85
2020-03-26T00:00:00,14143559041805.2,6698.46
2020-03-30T00:00:00,13912524048946,5885.41
2020-04-03T00:00:00,13912524048946,6809.11
2020-04-07T00:00:00,13912524048946,7343.2
2020-04-11T00:00:00,14715214060657,6873.24
2020-04-15T00:00:00,14715214060657,6871.95
2020-04-19T00:00:00,14715214060657,7259.36
2020-04-23T00:00:00,15958652328578,7130.99
2020-04-27T00:00:00,15958652328578,7699.27
2020-05-01T00:00:00,15958652328578,8628.77
2020-05-05T00:00:00,16079831604277.9,8885.93
2020-05-09T00:00:00,16104807485529,9821.8
2020-05-13T00:00:00,16104807485529,8814.53
2020-05-17T00:00:00,16104807485529,9385.7
2020-05-21T00:00:00,15138043247083,9510.67
2020-05-25T00:00:00,15138043247083,8730.73
2020-05-29T00:00:00,15138043247083,9569.21
2020-06-02T00:00:00,15138043247083,10204.23
2020-06-06T00:00:00,13732352106018,9623.75
2020-06-10T00:00:00,13732352106018,9775.15
2020-06-14T00:00:00,13732352106018,9473.5
2020-06-18T00:00:00,15784744305477,9454.81
2020-06-22T00:00:00,15784744305477,9284.78
2020-06-26T00:00:00,15784744305477,9240.85
2020-06-30T00:00:00,15784618886622.5,9185.35
2020-07-04T00:00:00,15784217546288,9072.42
2020-07-08T00:00:00,15784217546288,9256.23
2020-07-12T00:00:00,15784217546288,9235.96
2020-07-16T00:00:00,17345948872516,9193.51
2020-07-20T00:00:00,17345948872516,9214.66
2020-07-24T00:00:00,17345948872516,9613.11
2020-07-28T00:00:00,16847561611550,11042.4
2020-08-01T00:00:00,16847561611550,11343.88
2020-08-05T00:00:00,16847561611550,11194.25
2020-08-09T00:00:00,16847561611550,11767.6
2020-08-13T00:00:00,16947802333947,11573.11
2020-08-17T00:00:00,16947802333947,11914.01
2020-08-21T00:00:00,16947802333947,11865.82
2020-08-25T00:00:00,17557993035167,11763.93
2020-08-29T00:00:00,17557993035167,11534.75
2020-09-02T00:00:00,17557993035167,11923.25
2020-09-06T00:00:00,17557993035167,10159.62
2020-09-10T00:00:00,17345997805929,10227.83
2020-09-14T00:00:00,17345997805929,10330.77
2020-09-18T00:00:00,17345997805929,10943.89
2020-09-22T00:00:00,19314656404097,10430.46
2020-09-26T00:00:00,19314656404097,10692.84
2020-09-30T00:00:00,19314656404097,10840.8
2020-10-04T00:00:00,19300708897945.594,10551.77
2020-10-08T00:00:00,19298087186263,10670.8
2020-10-12T00:00:00,19298087186263,11376.61
2020-10-16T00:00:00,19298087186263,11503.73
2020-10-20T00:00:00,19997335994446,11758.16
2020-10-24T00:00:00,19997335994446,12944.52
2020-10-28T00:00:00,19997335994446,13651.47
2020-11-01T00:00:00,19997335994446,13810.32
2020-11-05T00:00:00,16787779609933,14155.59
2020-11-09T00:00:00,16787779609933,15490.6
2020-11-13T00:00:00,16787779609933,16295.57
2020-11-17T00:00:00,17596801059571,16725.15
2020-11-21T00:00:00,17596801059571,18687.45
2020-11-25T00:00:00,17596801059571,19172.52
2020-11-29T00:00:00,18158528379021.04,17732.42
2020-12-03T00:00:00,19157154724710,19226.97
2020-12-07T00:00:00,19157154724710,19377.66
2020-12-11T00:00:00,19157154724710,18247.76
2020-12-15T00:00:00,18670168558400,19276.59
2020-12-19T00:00:00,18670168558400,23150.79
2020-12-23T00:00:00,18670168558400,23824.99
2020-12-27T00:00:00,18670168558400,26443.21
2020-12-31T00:00:00,18599593048299,28856.59
2021-01-04T00:00:00,18599593048299,33000.78
2021-01-08T00:00:00,18599593048299,39486.04
2021-01-12T00:00:00,20607418304386,35544.94
2021-01-16T00:00:00,20607418304386,36828.52
2021-01-20T00:00:00,20607418304386,36020.13
2021-01-24T00:00:00,20823531150112,32099.74
2021-01-28T00:00:00,20823531150112,30419.17
2021-02-01T00:00:00,20823531150112,33136.46
2021-02-05T00:00:00,20823531150112,37002.09
2021-02-09T00:00:00,21434395961349,46364.3
2021-02-13T00:00:00,21434395961349,47471.4
2021-02-17T00:00:00,21434395961349,49160.1
2021-02-21T00:00:00,21724134900047,56001.2
2021-02-25T00:00:00,21724134900047,50624.84
2021-03-01T00:00:00,21724134900047,45113.92
2021-03-05T00:00:00,21724134900047,48448.91
2021-03-09T00:00:00,21448277761060,52299.33
2021-03-13T00:00:00,21448277761060,57253.28
2021-03-17T00:00:00,21448277761060,56872.38
2021-03-21T00:00:00,21865558044611,58085.8
2021-03-25T00:00:00,21865558044611,52508.23
2021-03-29T00:00:00,21865558044611,55783.71
2021-04-02T00:00:00,23064760716651.37,58736.92
2021-04-06T00:00:00,23137439666472,59054.1
2021-04-10T00:00:00,23137439666472,58102.58
2021-04-14T00:00:00,23137439666472,63554.44
2021-04-18T00:00:00,23581981443664,60087.09
2021-04-22T00:00:00,23581981443664,53808.8
2021-04-26T00:00:00,23581981443664,49075.58
2021-04-30T00:00:00,23581981443664,53584.15
2021-05-04T00:00:00,20608845737768,57213.33
2021-05-08T00:00:00,20608845737768,57380.27
2021-05-12T00:00:00,20608845737768,56750
2021-05-16T00:00:00,25046487590083,46736.58
2021-05-20T00:00:00,25046487590083,36964.27
2021-05-24T00:00:00,25046487590083,34754.54
2021-05-28T00:00:00,25046487590083,38445.29
2021-06-01T00:00:00,21047730572452,37310.54
2021-06-05T00:00:00,21047730572452,36885.51
2021-06-09T00:00:00,21047730572452,33450.19
2021-06-13T00:00:00,20836567779802.566,35494.9
2021-06-17T00:00:00,19932791027263,38324.87
2021-06-21T00:00:00,19932791027263,35592.35
2021-06-25T00:00:00,19932791027263,34639.38
2021-06-29T00:00:00,19932791027263,34456.67
2021-07-03T00:00:00,15634861856766.197,33856.86
2021-07-07T00:00:00,14363025673660,34211.01
2021-07-11T00:00:00,14363025673660,33515.57
2021-07-15T00:00:00,14363025673660,32814.61
2021-07-19T00:00:00,13672594272814,31783.49
2021-07-23T00:00:00,13672594272814,32297.89
2021-07-27T00:00:00,13672594272814,37318.14
2021-07-31T00:00:00,14319158983942.734,42214.15
2021-08-04T00:00:00,14496442856349,38138
2021-08-08T00:00:00,14496442856349,44634.13
2021-08-12T00:00:00,14496442856349,45611.46
2021-08-16T00:00:00,15556093717703,47056.41
2021-08-20T00:00:00,15556093717703,46734.65
2021-08-24T00:00:00,15556093717703,49523.5
2021-08-28T00:00:00,17615033039279,49056.86
2021-09-01T00:00:00,17615033039279,47155.87
2021-09-05T00:00:00,17615033039279,49947.38
2021-09-09T00:00:00,18415156832118,46078.38
2021-09-13T00:00:00,18415156832118,46059.12
2021-09-17T00:00:00,18415156832118,47785.26
2021-09-21T00:00:00,18632996500113.82,42901.56
2021-09-25T00:00:00,18997641161759,42815.56
2021-09-29T00:00:00,18997641161759,41011.16
2021-10-03T00:00:00,18997641161759,47727.1
2021-10-07T00:00:00,19893045048575,55343.76
2021-10-11T00:00:00,19893045048575,54625.74
2021-10-15T00:00:00,19893045048575,57397.74
2021-10-19T00:00:00,20082460130831,61971.59
2021-10-23T00:00:00,20082460130831,60697.06
2021-10-27T00:00:00,20082460130831,60345.17
2021-10-31T00:00:00,20286661027549.07,61731.29
2021-11-04T00:00:00,21659344833265,62954.86
2021-11-08T00:00:00,21659344833265,63293.22
2021-11-12T00:00:00,21659344833265,64838.81
2021-11-16T00:00:00,22674148233453,63584.25
2021-11-20T00:00:00,22674148233453,58133.02
2021-11-24T00:00:00,22674148233453,57578.22
2021-11-28T00:00:00,22464723406485.65,54801.15
2021-12-02T00:00:00,22335659268936,57229.76
2021-12-06T00:00:00,22335659268936,49380.43
2021-12-10T00:00:00,22335659268936,47659.68
2021-12-14T00:00:00,24195286980614,46757.09
2021-12-18T00:00:00,24195286980614,46173.51
2021-12-22T00:00:00,24195286980614,48934.57
2021-12-26T00:00:00,24272331996980,50470.89
2021-12-30T00:00:00,24272331996980,46408.87
2022-01-03T00:00:00,24272331996980,47327.87
2022-01-07T00:00:00,24272331996980,43120.63
2022-01-11T00:00:00,24371874614346,41849
2022-01-15T00:00:00,24371874614346,43099.37
2022-01-19T00:00:00,24371874614346,42381.48
2022-01-23T00:00:00,26643185256535,35071.43
2022-01-27T00:00:00,26643185256535,36823.5
2022-01-31T00:00:00,26643185256535,37918.62
2022-02-04T00:00:00,26684698822068.03,37092.4
2022-02-08T00:00:00,26690525287406,43834.02
2022-02-12T00:00:00,26690525287406,42401.27
2022-02-16T00:00:00,26690525287406,44536.2
2022-02-20T00:00:00,27967152532434,40115.05
2022-02-24T00:00:00,27967152532434,37291.48
2022-02-28T00:00:00,27967152532434,37704.56
2022-03-04T00:00:00,27550332084344,42464.4
2022-03-08T00:00:00,27550332084344,38032.5
2022-03-12T00:00:00,27550332084344,38741.04
2022-03-16T00:00:00,27550332084344,39320.82
2022-03-20T00:00:00,27452707696466,42222.32
2022-03-24T00:00:00,27452707696466,42905.06
2022-03-28T00:00:00,27452707696466,46858.53
2022-04-01T00:00:00,28587155782195,45539.22
2022-04-05T00:00:00,28587155782195,46611.26
2022-04-09T00:00:00,28587155782195,42278.94
2022-04-13T00:00:00,28587155782195,40102.2
2022-04-17T00:00:00,28225928151211,40388.78
2022-04-21T00:00:00,28225928151211,41375.79
2022-04-25T00:00:00,28225928151211,39465.57
2022-04-29T00:00:00,29794407589312,39770.04
2022-05-03T00:00:00,29794407589312,38510.65
2022-05-07T00:00:00,29794407589312,36013.03
2022-05-11T00:00:00,31251101365711,31003.93
2022-05-15T00:00:00,31251101365711,30074.61
2022-05-19T00:00:00,31251101365711,28680.97
2022-05-23T00:00:00,31251101365711,30278.94
2022-05-27T00:00:00,29897409688834,29193.92
2022-05-31T00:00:00,29897409688834,31715.58
2022-06-04T00:00:00,29897409688834,29681.76
2022-06-08T00:00:00,30107694713067.656,31117.83
2022-06-12T00:00:00,30283293547737,28344.5
2022-06-16T00:00:00,30283293547737,22550.79
2022-06-20T00:00:00,30283293547737,20540.38
2022-06-24T00:00:00,29570168636358,21088.3
2022-06-28T00:00:00,29570168636358,20702.23
2022-07-02T00:00:00,29570168636358,19226.7
2022-07-06T00:00:00,29570168636358,20181.91
2022-07-10T00:00:00,29152798808272,21582.6
2022-07-14T00:00:00,29152798808272,20223.69
2022-07-18T00:00:00,29152798808272,20774.23
2022-07-22T00:00:00,27692567959234,23154.09
2022-07-26T00:00:00,27692567959234,21300.72
2022-07-30T00:00:00,27692567959234,23792
2022-08-03T00:00:00,27692567959234,22981.77
2022-08-07T00:00:00,28174668481289,22947.19
2022-08-11T00:00:00,28174668481289,23959.92
2022-08-15T00:00:00,28174668481289,24314.89
2022-08-19T00:00:00,28351606743494,23193.99
2022-08-23T00:00:00,28351606743494,21402.93
2022-08-27T00:00:00,28351606743494,20233.32
2022-08-31T00:00:00,30293716756044.19,19793.02
2022-09-04T00:00:00,30977051760460,19834.94
2022-09-08T00:00:00,30977051760460,19280.08
2022-09-12T00:00:00,30977051760460,21794.52
2022-09-16T00:00:00,32045359565303,19694.69
2022-09-20T00:00:00,32045359565303,19542.2
2022-09-24T00:00:00,32045359565303,19280.58
2022-09-28T00:00:00,31419898493798.69,19104.89
2022-10-02T00:00:00,31360548173145,19314.69
2022-10-06T00:00:00,31360548173145,20167.79
2022-10-10T00:00:00,33738662001569.633,19441.88
2022-10-14T00:00:00,35610794164372,19383.33
2022-10-18T00:00:00,35610794164372,19548.97
2022-10-22T00:00:00,35610794164372,19171.34
2022-10-26T00:00:00,36835682546788,20101.27
2022-10-30T00:00:00,36835682546788,20816.16
2022-11-03T00:00:00,36835682546788,20153.99
2022-11-07T00:00:00,36766791551487.06,20920.33
2022-11-11T00:00:00,36762198818467,17550.23
2022-11-15T00:00:00,36762198818467,16587.96
2022-11-19T00:00:00,36762198818467,16683.22
2022-11-23T00:00:00,36950494067222,16194.75
2022-11-27T00:00:00,36950494067222,16453.47
2022-12-01T00:00:00,36950494067222,17170.62
2022-12-05T00:00:00,36950494067222,17117.57
2022-12-09T00:00:00,34244331613176,17234.58
2022-12-13T00:00:00,34244331613176,17206.87
2022-12-17T00:00:00,34244331613176,16637.6
2022-12-21T00:00:00,35364065900457,16904.64
2022-12-25T00:00:00,35364065900457,16838.1
2022-12-29T00:00:00,35364065900457,16539.28
2023-01-02T00:00:00,35364065900457,16613.71
2023-01-06T00:00:00,34093570325204,16826.41
2023-01-10T00:00:00,34093570325204,17192.07
2023-01-14T00:00:00,34093570325204,19933.36
2023-01-18T00:00:00,37590453655497,21145.18
2023-01-22T00:00:00,37590453655497,22772.5
2023-01-26T00:00:00,37590453655497,23089.74
2023-01-30T00:00:00,39350942467773,23755.85
2023-02-03T00:00:00,39350942467773,23454.41
2023-02-07T00:00:00,39350942467773,22763.74
2023-02-11T00:00:00,39350942467773,21638.55
2023-02-15T00:00:00,39156400059293,22211.8
2023-02-19T00:00:00,39156400059293,24641.94
2023-02-23T00:00:00,39156400059293,24185.67
2023-02-27T00:00:00,43053844193928,23563.11
2023-03-03T00:00:00,43053844193928,23467.36
2023-03-07T00:00:00,43053844193928,22410.62
2023-03-11T00:00:00,43551722213590,20224.85
2023-03-15T00:00:00,43551722213590,24767.46
2023-03-19T00:00:00,43551722213590,26975.39
2023-03-23T00:00:00,43767569956061.28,27306.32
2023-03-27T00:00:00,46843400286277,27999.84
2023-03-31T00:00:00,46843400286277,28033.06
2023-04-04T00:00:00,46843400286277,27802.23
2023-04-08T00:00:00,47887764338536,27925.55
2023-04-12T00:00:00,47887764338536,30234.98
2023-04-16T00:00:00,47887764338536,30319.32
2023-04-20T00:00:00,48296984989381.2,28829.57
2023-04-24T00:00:00,48712405953118,27590.55
2023-04-28T00:00:00,48712405953118,29480.35
2023-05-02T00:00:00,48712405953118,28086.65
2023-05-06T00:00:00,48005534313579,29535.38
2023-05-10T00:00:00,48005534313579,27640.09
2023-05-14T00:00:00,48005534313579,26785.94
2023-05-18T00:00:00,49188301954866.32,27398.27
2023-05-22T00:00:00,49549703178593,26756.57
2023-05-26T00:00:00,49549703178593,26477.29
2023-05-30T00:00:00,49549703178593,27744.66
2023-06-03T00:00:00,51234338863443,27251.93
2023-06-07T00:00:00,51234338863443,27243.64
2023-06-11T00:00:00,51234338863443,25852.82
2023-06-15T00:00:00,52350439455487,25127.04
2023-06-19T00:00:00,52350439455487,26337.08
2023-06-23T00:00:00,52350439455487,29903.73
2023-06-27T00:00:00,52350439455487,30266.7
2023-07-01T00:00:00,50646206431058,30471.5
2023-07-05T00:00:00,50646206431058,30774.87
2023-07-09T00:00:00,50646206431058,30214.55
2023-07-13T00:00:00,53911173001055,30391.64
2023-07-17T00:00:00,53911173001055,30240.28
2023-07-21T00:00:00,53911173001055,29802.29
2023-07-25T00:00:00,53911173001055,29178.42
2023-07-29T00:00:00,52328312063444,29316.12
2023-08-02T00:00:00,52328312063444,29683.61
2023-08-06T00:00:00,52328312063444,29048.01
2023-08-10T00:00:00,52391178981379,29565.82
2023-08-14T00:00:00,52391178981379,29283.84
2023-08-18T00:00:00,52391178981379,26662.05
2023-08-22T00:00:00,53588410123873.43,26123.41
2023-08-26T00:00:00,55621444139430,26049.42
2023-08-30T00:00:00,55621444139430,27731.23
2023-09-03T00:00:00,55621444139430,25869.09
2023-09-07T00:00:00,54150142369480,25753.31
2023-09-11T00:00:00,54150142369480,25832.82
2023-09-15T00:00:00,54150142369480,26536.02
2023-09-19T00:00:00,55816608966185.68,26763.76
2023-09-23T00:00:00,57119871304635,26581.86
2023-09-27T00:00:00,57119871304635,26212.82
2023-10-01T00:00:00,57119871304635,26970.43
2023-10-05T00:00:00,57321508229258,27797.56
2023-10-09T00:00:00,57321508229258,27937.18
2023-10-13T00:00:00,57321508229258,26758.66
2023-10-17T00:00:00,61030681983176,28517.32
2023-10-21T00:00:00,61030681983176,29682.6
2023-10-25T00:00:00,61030681983176,33902.65
2023-10-29T00:00:00,61030681983176,34090.68
2023-11-02T00:00:00,62463471666733,35440.51
2023-11-06T00:00:00,62463471666733,35048.35
2023-11-10T00:00:00,62463471666732.94,36696.25
2023-11-14T00:00:00,64678587803497,36497.35
2023-11-18T00:00:00,64678587803496.94,36624.3
2023-11-22T00:00:00,64678587803496.984,35808.95
2023-11-26T00:00:00,67912869716769.22,37800.94
2023-11-30T00:00:00,67957790298898,37867.37
2023-12-04T00:00:00,67957790298898,39976.04
2023-12-08T00:00:00,67957790298898,43298.7
2023-12-12T00:00:00,67305906902031.055,41238.31
2023-12-16T00:00:00,67305906902031.1,41934.71
2023-12-20T00:00:00,67305906902031.06,42262.62
2023-12-24T00:00:00,72006146478567.25,43742.33
2023-12-28T00:00:00,72006146478567,43470.76
2024-01-01T00:00:00,72006146478567.17,42249.69
2024-01-05T00:00:00,72006146478567.08,44190.1
2024-01-09T00:00:00,73197634206448,46972.42
2024-01-13T00:00:00,73197634206448,42843.98
2024-01-17T00:00:00,73197634206448,43132.4
2024-01-21T00:00:00,70343519904867.086,41659.4
2024-01-25T00:00:00,70343519904867.29,40068.49
2024-01-29T00:00:00,70343519904867.18,42030.81
2024-02-02T00:00:00,72346611061723.23,43061.16
2024-02-06T00:00:00,75502165623894,42653.29
2024-02-10T00:00:00,75502165623894,47134.54
2024-02-14T00:00:00,75502165623894,49739.24
2024-02-18T00:00:00,81725299822043.08,51685.35
2024-02-22T00:00:00,81725299822043.17,51862.86
2024-02-26T00:00:00,81725299822043.16,51727.76
2024-03-01T00:00:00,79428308380841.48,61172.49
2024-03-05T00:00:00,79351228131136.69,68377.67
2024-03-09T00:00:00,79351228131136.72,68306.9
2024-03-13T00:00:00,79351228131136.72,71489.22
2024-03-17T00:00:00,83947913181362,65303.67
2024-03-21T00:00:00,83947913181362,67857.18
2024-03-25T00:00:00,83947913181362,67226.33
2024-03-29T00:00:00,83126997340024.75,70754.69
2024-04-02T00:00:00,83126997340024.73,69701.3
2024-04-06T00:00:00,83126997340024.7,67857.42
2024-04-10T00:00:00,83450993523979.81,69141.75
2024-04-14T00:00:00,86388558925171.34,64019.74
2024-04-18T00:00:00,86388558925171.28,61280.51
2024-04-22T00:00:00,86388558925171.31,64949.79
2024-04-26T00:00:00,88104191118792.78,64486.29
2024-04-30T00:00:00,88104191118792.73,63832.72
2024-05-04T00:00:00,88104191118792.73,62885.27
2024-05-08T00:00:00,88104191118792.81,62323.38
2024-05-12T00:00:00,83148355189240,60805.78
2024-05-16T00:00:00,83148355189240,66239.13
2024-05-20T00:00:00,83148355189240,66266.07
2024-05-24T00:00:00,84381461788831.33,67942.23
2024-05-28T00:00:00,84381461788831.19,69374.17
2024-06-01T00:00:00,84381461788831.23,67484.93
2024-06-05T00:00:00,84381461788831.12,70553.24
2024-06-09T00:00:00,83716654861184.7,69297.93
2024-06-13T00:00:00,83716654861184.75,68239.79
2024-06-17T00:00:00,83716654861184.77,66636.85
2024-06-21T00:00:00,83675262295060,64830.29
2024-06-25T00:00:00,83675262295060,60279.54
2024-06-29T00:00:00,83675262295060,60315.67
2024-07-03T00:00:00,83675262295060,62028.38
2024-07-07T00:00:00,79495195323031.17,58265.25
2024-07-11T00:00:00,79495195323031.17,57743.11
2024-07-15T00:00:00,79495195323031.23,60798.16
2024-07-19T00:00:00,82047728459932.77,63968.61
2024-07-23T00:00:00,82047728459932.66,67597.26
2024-07-27T00:00:00,82047728459932.73,67914.86
2024-07-31T00:00:00,87487947532070.14,66180
2024-08-04T00:00:00,90666502495566,60676.68
2024-08-08T00:00:00,90666502495566,55033.47
2024-08-12T00:00:00,90666502495566,58717
2024-08-16T00:00:00,86871474313762,57523.47
2024-08-20T00:00:00,86871474313762,59475.91
2024-08-24T00:00:00,86871474313762,64082.05
2024-08-28T00:00:00,87937390901164.8,59466.82
2024-09-01T00:00:00,89471664776971.3,58968.91
2024-09-05T00:00:00,89471664776971.36,57966.79
2024-09-09T00:00:00,89471664776971.31,54857.17
2024-09-13T00:00:00,92671576265160.81,58136.5
2024-09-17T00:00:00,92671576265160.67,58194.98
2024-09-21T00:00:00,92671576265160.73,63213.19
2024-09-25T00:00:00,91782581703877.36,64279.04
2024-09-29T00:00:00,88404402371000,65888.5
2024-10-03T00:00:00,88404402371000,60639.47
2024-10-07T00:00:00,88404402371000,62814.93
2024-10-11T00:00:00,92049594548484.72,60269.24
2024-10-15T00:00:00,92049594548484.64,66048.56
2024-10-19T00:00:00,92049594548484.58,68426.2
2024-10-23T00:00:00,95672703408224,67368.2
2024-10-27T00:00:00,95672703408224,67018.78
2024-10-31T00:00:00,95672703408224,72329.87
2024-11-04T00:00:00,95989214149657.64,68744.21
2024-11-08T00:00:00,101646843652784.62,75926.31
2024-11-12T00:00:00,101646843652784.61,88719.74
2024-11-16T00:00:00,101646843652784.56,91063.24
2024-11-20T00:00:00,102289407543324,92369.46
2024-11-24T00:00:00,102289407543324,97776.94
2024-11-28T00:00:00,102289407543324,95956.99
2024-12-02T00:00:00,102892719959890.11,97273.62
2024-12-06T00:00:00,103919634711492,97079.54
2024-12-10T00:00:00,103919634711492,97465.55
2024-12-14T00:00:00,103919634711492,101467.53
2024-12-18T00:00:00,108522647629298,106156.01
2024-12-22T00:00:00,108522647629298,97226.54
2024-12-26T00:00:00,108522647629298,99300.12
2024-12-30T00:00:00,109782075598904.53,93536.42
2025-01-03T00:00:00,109782075598904.6,96853.63
2025-01-07T00:00:00,109782075598904.62,102253.31
2025-01-11T00:00:00,109782075598904.61,94702.66
2025-01-15T00:00:00,110451907374650,96527.14
2025-01-19T00:00:00,110451907374650,104408.89
2025-01-23T00:00:00,110451907374650,103637.06
2025-01-27T00:00:00,108526595760699.28,102592.63
2025-01-31T00:00:00,108105433845147.33,104743.97
2025-02-04T00:00:00,108105433845147.36,101414.76
2025-02-08T00:00:00,108105433845147.47,96540.7
2025-02-12T00:00:00,114167270716408,95752
